,question,answer
0,"hi, how are you doing?",i'm fine. how about yourself?
1,i'm fine. how about yourself?,i'm pretty good. thanks for asking.
2,i'm pretty good. thanks for asking.,no problem. so how have you been?
3,no problem. so how have you been?,i've been great. what about you?
4,i've been great. what about you?,i've been good. i'm in school right now.
5,i've been good. i'm in school right now.,what school do you go to?
6,what school do you go to?,i go to pcc.
7,i go to pcc.,do you like it there?
8,do you like it there?,it's okay. it's a really big campus.
9,it's okay. it's a really big campus.,good luck with school.
10,good luck with school.,thank you very much.
11,how's it going?,i'm doing well. how about you?
12,i'm doing well. how about you?,"never better, thanks."
13,"never better, thanks.",so how have you been lately?
14,so how have you been lately?,i've actually been pretty good. you?
15,i've actually been pretty good. you?,i'm actually in school right now.
16,i'm actually in school right now.,which school do you attend?
17,which school do you attend?,i'm attending pcc right now.
18,i'm attending pcc right now.,are you enjoying it there?
19,are you enjoying it there?,it's not bad. there are a lot of people there.
20,it's not bad. there are a lot of people there.,good luck with that.
21,good luck with that.,thanks.
22,how are you doing today?,i'm doing great. what about you?
23,i'm doing great. what about you?,"i'm absolutely lovely, thank you."
24,"i'm absolutely lovely, thank you.",everything's been good with you?
25,everything's been good with you?,i haven't been better. how about yourself?
26,i haven't been better. how about yourself?,i started school recently.
27,i started school recently.,where are you going to school?
28,where are you going to school?,i'm going to pcc.
29,i'm going to pcc.,how do you like it so far?
30,how do you like it so far?,i like it so far. my classes are pretty good right now.
31,i like it so far. my classes are pretty good right now.,i wish you luck.
32,it's an ugly day today.,i know. i think it may rain.
33,i know. i think it may rain.,"it's the middle of summer, it shouldn't rain today."
34,"it's the middle of summer, it shouldn't rain today.",that would be weird.
35,that would be weird.,"yeah, especially since it's ninety degrees outside."
36,"yeah, especially since it's ninety degrees outside.","i know, it would be horrible if it rained and it was hot outside."
37,"i know, it would be horrible if it rained and it was hot outside.","yes, it would be. "
38,"yes, it would be. ",i really wish it wasn't so hot every day. 
39,i really wish it wasn't so hot every day. ,me too. i can't wait until winter.
40,me too. i can't wait until winter.,"i like winter too, but sometimes it gets too cold."
41,"i like winter too, but sometimes it gets too cold.",i'd rather be cold than hot.
42,i'd rather be cold than hot.,me too.
43,it doesn't look very nice outside today.,you're right. i think it's going to rain later.
44,you're right. i think it's going to rain later.,"in the middle of the summer, it shouldn't be raining."
45,"in the middle of the summer, it shouldn't be raining.",that wouldn't seem right.
46,that wouldn't seem right.,"considering that it's over ninety degrees outside, that would be weird."
47,"considering that it's over ninety degrees outside, that would be weird.","exactly, it wouldn't be nice if it started raining. it's too hot."
48,"exactly, it wouldn't be nice if it started raining. it's too hot.","i know, you're absolutely right."
49,"i know, you're absolutely right.",i wish it would cool off one day.
50,i wish it would cool off one day.,"that's how i feel, i want winter to come soon."
51,"that's how i feel, i want winter to come soon.","i enjoy the winter, but it gets really cold sometimes."
52,"i enjoy the winter, but it gets really cold sometimes.","i know what you mean, but i'd rather be cold than hot."
53,"i know what you mean, but i'd rather be cold than hot.",that's exactly how i feel.
54,i wish it was a nicer day today.,that is true. i hope it doesn't rain.
55,that is true. i hope it doesn't rain.,it wouldn't rain in the middle of the summer.
56,it wouldn't rain in the middle of the summer.,it wouldn't seem right if it started raining right now.
57,it wouldn't seem right if it started raining right now.,it would be weird if it started raining in ninety degree weather.
58,it would be weird if it started raining in ninety degree weather.,any rain right now would be pointless.
59,any rain right now would be pointless.,"that's right, it really would be."
60,"that's right, it really would be.",i want it to cool down some.
61,i want it to cool down some.,"i know what you mean, i can't wait until it's winter."
62,"i know what you mean, i can't wait until it's winter.",winter is great. i wish it didn't get so cold sometimes though.
63,winter is great. i wish it didn't get so cold sometimes though.,i would rather deal with the winter than the summer.
64,it's such a nice day.,"yes, it is."
65,"yes, it is.",it looks like it may rain soon.
66,it looks like it may rain soon.,"yes, and i hope that it does."
67,"yes, and i hope that it does.",why is that?
68,why is that?,i really love how rain clears the air.
69,i really love how rain clears the air.,me too. it always smells so fresh after it rains.
70,me too. it always smells so fresh after it rains.,"yes, but i love the night air after it rains."
71,"yes, but i love the night air after it rains.",really? why is it?
72,really? why is it?,because you can see the stars perfectly.
73,because you can see the stars perfectly.,i really hope it rains today.
74,i really hope it rains today.,"yeah, me too."
75,isn't it a nice day?,it really is.
76,it really is.,it seems that it may rain today.
77,it seems that it may rain today.,hopefully it will.
78,hopefully it will.,how come?
79,how come?,i like how clear the sky gets after it rains.
80,i like how clear the sky gets after it rains.,i feel the same way. it smells so good after it rains.
81,i feel the same way. it smells so good after it rains.,i especially love the night air when it rains.
82,i especially love the night air when it rains.,really? why?
83,really? why?,the stars look so much closer after it rains.
84,the stars look so much closer after it rains.,i really want it to rain today.
85,i really want it to rain today.,"yeah, so do i."
86,don't you think it's nice out?,"yes, i think so too."
87,"yes, i think so too.",i think that it's going to rain.
88,i think that it's going to rain.,i hope that it does rain.
89,i hope that it does rain.,you like the rain?
90,you like the rain?,the sky looks so clean after it rains. i love it.
91,the sky looks so clean after it rains. i love it.,i understand. rain does make it smell cleaner.
92,i understand. rain does make it smell cleaner.,i love most how it is at night after it rains.
93,i love most how it is at night after it rains.,how come?
94,how come?,you can see the stars so much more clearly after it rains.
95,you can see the stars so much more clearly after it rains.,i would love for it to rain today.
96,i really want to go to the beach this weekend.,that sounds like fun. what's the weather going to be like?
97,that sounds like fun. what's the weather going to be like?,i heard that it's going to be warm this weekend.
98,i heard that it's going to be warm this weekend.,is it going to be perfect beach weather?
99,is it going to be perfect beach weather?,i believe so.
100,i believe so.,good. i hope it doesn't cool off this weekend.
101,good. i hope it doesn't cool off this weekend.,i know. i really want to go to the beach.
102,i know. i really want to go to the beach.,but you know that california weather is really unpredictable.
103,but you know that california weather is really unpredictable.,"you're right. one minute it's hot, and then the next minute it's cold."
104,"you're right. one minute it's hot, and then the next minute it's cold.",i really wish the weather would just stay the same.
105,i really wish the weather would just stay the same.,i do too. that way we can have our activities planned ahead of time.
106,i do too. that way we can have our activities planned ahead of time.,"yeah, that would make things a lot easier."
107,i would like to take a trip to the beach this weekend.,a trip to the beach would be fun. how is the weather going to be?
108,a trip to the beach would be fun. how is the weather going to be?,the forecast says that it will be warm on the weekend.
109,the forecast says that it will be warm on the weekend.,so do you think it'll be perfect weather for the beach?
110,so do you think it'll be perfect weather for the beach?,it sounds like it will be.
111,it sounds like it will be.,i really hope it doesn't get cold.
112,i really hope it doesn't get cold.,"that would ruin things, i want to go so badly."
113,"that would ruin things, i want to go so badly.","the weather in california is unpredictable, so you never know."
114,"the weather in california is unpredictable, so you never know.",that is true. the weather is constantly changing.
115,that is true. the weather is constantly changing.,it would be nice if the weather would never change.
116,it would be nice if the weather would never change.,"that would be great, then we could plan things sooner."
117,"that would be great, then we could plan things sooner.",true. predictable weather would make life easier.
118,it would be nice to go to the beach sometime this weekend.,what's the weather going to be like? i may want to go too.
119,what's the weather going to be like? i may want to go too.,the weather this weekend is supposed to be warm.
120,the weather this weekend is supposed to be warm.,will it be good beach weather?
121,will it be good beach weather?,i think it will be.
122,i think it will be.,it wouldn't be good if it got cold this weekend.
123,it wouldn't be good if it got cold this weekend.,"i want this trip to be perfect, i hope it stays warm."
124,"i want this trip to be perfect, i hope it stays warm.","this california weather is so uncertain, it's impossible to know what'll happen."
125,"this california weather is so uncertain, it's impossible to know what'll happen.",i know. every day the weather seems different.
126,i know. every day the weather seems different.,i would love it if it wasn't always so unpredictable.
127,i would love it if it wasn't always so unpredictable.,that would make it easier for us to make plans.
128,"hello, may i speak to alice please?",this is she. how's it going?
129,this is she. how's it going?,i've been trying to call you all day.
130,i've been trying to call you all day.,sorry about that. i was cleaning up.
131,sorry about that. i was cleaning up.,it's okay.
132,it's okay.,so what were you calling me about?
133,so what were you calling me about?,"oh, i just wanted to see if you wanted to hang out tomorrow."
134,"oh, i just wanted to see if you wanted to hang out tomorrow.","sure, what did you want to do?"
135,"sure, what did you want to do?",maybe we can go see a movie or something.
136,maybe we can go see a movie or something.,that sounds like fun. let's do it.
137,that sounds like fun. let's do it.,i'll see you tomorrow then.
138,i'll see you tomorrow then.,see you then. goodbye.
139,"hi, how are you. is alice there?",speaking. what's up?
140,speaking. what's up?,why haven't you answered the phone?
141,why haven't you answered the phone?,"my bad, i had chores to do."
142,"my bad, i had chores to do.",that's all right.
143,that's all right.,what was the reason for your call?
144,what was the reason for your call?,i want to do something tomorrow with you.
145,i want to do something tomorrow with you.,sounds good. what did you have in mind?
146,sounds good. what did you have in mind?,i was thinking about seeing a movie.
147,i was thinking about seeing a movie.,"okay, let's go see a movie."
148,"okay, let's go see a movie.",until then.
149,until then.,talk to you later.
150,is alice available?,you're talking to her.
151,you're talking to her.,i've called you a hundred times today.
152,i've called you a hundred times today.,i was busy doing something. i apologize.
153,i was busy doing something. i apologize.,no problem.
154,no problem.,did you need something?
155,did you need something?,do you want to do something tomorrow?
156,do you want to do something tomorrow?,is there somewhere special you wanted to go?
157,is there somewhere special you wanted to go?,how about a movie?
158,how about a movie?,a movie sounds good.
159,a movie sounds good.,call me tomorrow then.
160,have you seen the new girl in school?,"no, i haven't."
161,"no, i haven't.",she's really pretty.
162,she's really pretty.,describe her to me.
163,describe her to me.,she's not too tall.
164,she's not too tall.,"well, how tall is she?"
165,"well, how tall is she?",she's about five feet even.
166,she's about five feet even.,"what does she look like, though?"
167,"what does she look like, though?",she has pretty light brown eyes.
168,she has pretty light brown eyes.,i may know which girl you're talking about.
169,i may know which girl you're talking about.,so you have seen her around?
170,so you have seen her around?,"yes, i have."
171,"there's a new girl in school, have you seen her yet?",i haven't seen her yet.
172,i haven't seen her yet.,i think that she is very pretty.
173,i think that she is very pretty.,tell me how she looks.
174,tell me how she looks.,she's kind of short.
175,she's kind of short.,what height is she?
176,what height is she?,she's probably about five feet.
177,she's probably about five feet.,"that's nice, but tell me what she looks like."
178,"that's nice, but tell me what she looks like.",the first thing i noticed was her beautiful brown eyes.
179,the first thing i noticed was her beautiful brown eyes.,i think i might've bumped into her before.
180,i think i might've bumped into her before.,are you telling me that you've seen her before?
181,are you telling me that you've seen her before?,i believe so.
182,have you met the new girl?,no. have you?
183,no. have you?,she's one of the prettiest girls at the school.
184,she's one of the prettiest girls at the school.,what does she look like?
185,what does she look like?,"well, she's quite short."
186,"well, she's quite short.",how tall would you say that she is?
187,how tall would you say that she is?,i would say she's only five feet.
188,i would say she's only five feet.,what about her facial features?
189,what about her facial features?,"she has light brown eyes, absolutely beautiful."
190,"she has light brown eyes, absolutely beautiful.",i think i know who you're talking about.
191,i think i know who you're talking about.,have you seen her?
192,why weren't you at school yesterday?,i wasn't really feeling well.
193,i wasn't really feeling well.,what was wrong with you?
194,what was wrong with you?,my stomach was upset.
195,my stomach was upset.,do you feel better now?
196,do you feel better now?,i don't really feel too well yet.
197,i don't really feel too well yet.,do you want anything to make you feel better?
198,do you want anything to make you feel better?,"no, thanks. i already took some medicine."
199,"no, thanks. i already took some medicine.",i hope you feel better.
200,i hope you feel better.,thank you.
201,what reason do you have for missing school?,i was sick.
202,i was sick.,how were you sick?
203,how were you sick?,i had a stomachache.
204,i had a stomachache.,did it get any better?
205,did it get any better?,i'm still feeling under the weather.
206,i'm still feeling under the weather.,would you like anything for your stomach?
207,would you like anything for your stomach?,i took something earlier.
208,i took something earlier.,get better.
209,get better.,thanks a lot.
210,why didn't you go to school yesterday?,i stayed home because i wasn't feeling well.
211,i stayed home because i wasn't feeling well.,what was your problem?
212,what was your problem?,my stomach was bothering me.
213,my stomach was bothering me.,are you feeling any better?
214,are you feeling any better?,i'm still feeling a little sick.
215,i'm still feeling a little sick.,"i'm going to the store, would you like any pepto bismol?"
216,"i'm going to the store, would you like any pepto bismol?",that's okay.
217,that's okay.,i hope you feel better.
218,did you hear the good news?,"no, i haven't."
219,"no, i haven't.",i got a promotion at my job.
220,i got a promotion at my job.,did you really?
221,did you really?,"seriously, i am so excited."
222,"seriously, i am so excited.","well, congratulations."
223,"well, congratulations.",thank you.
224,thank you.,i'm so happy for you.
225,i'm so happy for you.,really?
226,really?,yes. you really deserved this.
227,yes. you really deserved this.,you think so?
228,you think so?,yes. good for you.
229,have you heard my good news?,you haven't told me anything yet.
230,you haven't told me anything yet.,i got a promotion at work earlier this week.
231,i got a promotion at work earlier this week.,is that right?
232,is that right?,it's the truth. i am really happy.
233,it's the truth. i am really happy.,congratulations on your promotion.
234,congratulations on your promotion.,thank you very much.
235,thank you very much.,i am really excited for you.
236,i am really excited for you.,are you really?
237,are you really?,i'm serious. you deserved this promotion.
238,i'm serious. you deserved this promotion.,is that what you really think?
239,is that what you really think?,"yes, i do."
240,"i haven't told you what happened yet, have i?",i haven't heard anything.
241,i haven't heard anything.,"my boss offered me a promotion, and i took it."
242,"my boss offered me a promotion, and i took it.",are you serious?
243,are you serious?,"yes, i am really excited."
244,"yes, i am really excited.",that's great. congratulations.
245,that's great. congratulations.,i appreciate that.
246,i appreciate that.,you have no idea how happy i am for you.
247,you have no idea how happy i am for you.,for real?
248,you look really nice today. ,thank you. i just got this outfit the other day.
249,thank you. i just got this outfit the other day.,"really, where did you get it?"
250,"really, where did you get it?",i got it from macy's.
251,i got it from macy's.,it's really nice.
252,it's really nice.,"thanks again. you look nice today, too."
253,"thanks again. you look nice today, too.",thank you. i just got these shoes today.
254,thank you. i just got these shoes today.,really? what kind of shoes are they?
255,really? what kind of shoes are they?,these are called all star chuck taylors.
256,these are called all star chuck taylors.,i really like those. how much did they cost?
257,i really like those. how much did they cost?,they were about forty dollars.
258,they were about forty dollars.,i think i'm going to go buy myself a pair.
259,i absolutely love what you're wearing today.,you do? i just bought this outfit a couple days ago.
260,you do? i just bought this outfit a couple days ago.,"seriously, it looks really nice on you. where did you buy it from?"
261,"seriously, it looks really nice on you. where did you buy it from?",i bought it from the macy's at the santa anita mall.
262,i bought it from the macy's at the santa anita mall.,i really like that outfit.
263,i really like that outfit.,"thanks. i think you look nice today, too."
264,"thanks. i think you look nice today, too.",thank you. i just bought these new shoes earlier today.
265,thank you. i just bought these new shoes earlier today.,those are nice. what are they?
266,those are nice. what are they?,these are some chucks.
267,these are some chucks.,those are great. how much were they?
268,those are great. how much were they?,i got them for forty.
269,i got them for forty.,i think i might go and find me my own pair of chucks.
270,i think that you look very cute today.,is that right? this is a brand new outfit.
271,is that right? this is a brand new outfit.,what store did you get it from?
272,what store did you get it from?,i went to macy's and picked it out.
273,i went to macy's and picked it out.,i love your outfit right now.
274,i love your outfit right now.,"well, i think you look nice today too."
275,"well, i think you look nice today too.",thanks. i found these new shoes earlier at the store.
276,thanks. i found these new shoes earlier at the store.,i think that those are some really nice shoes. what kind are they?
277,i think that those are some really nice shoes. what kind are they?,these are chucks.
278,these are chucks.,your shoes look really nice. how much did you get them for?
279,your shoes look really nice. how much did you get them for?,they only cost me about forty dollars.
280,"tell me, what do you enjoy doing in your spare time?",i enjoy drawing and painting.
281,i enjoy drawing and painting.,you know how to draw and paint?
282,you know how to draw and paint?,"yes, i do."
283,"yes, i do.",when did you learn how to do that?
284,when did you learn how to do that?,i learned back in high school.
285,i learned back in high school.,"oh, so you took an art class?"
286,"oh, so you took an art class?","yeah, i loved that class."
287,"yeah, i loved that class.",i see that you're pretty talented.
288,i see that you're pretty talented.,thank you very much.
289,thank you very much.,i wish i had a talent like that.
290,i wish i had a talent like that.,i'm sure you have a talent. it's just hidden.
291,what kinds of things do you like to do?,i've always liked to draw and paint.
292,i've always liked to draw and paint.,i didn't know you knew how to draw and paint.
293,i didn't know you knew how to draw and paint.,i do it every once in a while.
294,i do it every once in a while.,how long have you known how to do that?
295,how long have you known how to do that?,i first learned how to do it in high school.
296,i first learned how to do it in high school.,did you take some sort of art class or something?
297,did you take some sort of art class or something?,that was my favorite class.
298,that was my favorite class.,you have got to be talented.
299,you have got to be talented.,thanks.
300,thanks.,if only i was talented.
301,if only i was talented.,you have a talent. you just don't know what it is yet.
302,are there any hobbies you do?,"when i have time, i sometimes draw and paint."
303,"when i have time, i sometimes draw and paint.","oh, you actually do that?"
304,"oh, you actually do that?","every so often, i do."
305,"every so often, i do.",did you always know how to draw and paint?
306,did you always know how to draw and paint?,i was taught in high school how to draw and paint.
307,i was taught in high school how to draw and paint.,you had an art class?
308,you had an art class?,"exactly, it was my favorite class."
309,"exactly, it was my favorite class.","well, it's good that you're so talented."
310,"well, it's good that you're so talented.",i appreciate that.
311,i appreciate that.,"talent is a great thing, i wish i had one."
312,what's your favorite movie?,my favorite movie is superbad.
313,my favorite movie is superbad.,"oh, why is that?"
314,"oh, why is that?",it's the funniest movie that i've ever seen.
315,it's the funniest movie that i've ever seen.,that's true. it is a very funny movie.
316,that's true. it is a very funny movie.,you've seen it before? 
317,you've seen it before? ,"yes, i saw that movie the first day it came out in theaters."
318,"yes, i saw that movie the first day it came out in theaters.",didn't you laugh through the whole movie? i did.
319,didn't you laugh through the whole movie? i did.,me too. that movie brought tears to my eyes.
320,me too. that movie brought tears to my eyes.,mine too.
321,mine too.,i have it on dvd at my house if you want to come over and watch it.
322,i have it on dvd at my house if you want to come over and watch it.,"sure, let's go."
323,which movie is your favorite to watch?,"i have to say, my favorite movie is superbad."
324,"i have to say, my favorite movie is superbad.",is that right? why?
325,is that right? why?,"honestly, it is one of the funniest movies i've seen in a long time."
326,"honestly, it is one of the funniest movies i've seen in a long time.",you're right. that movie is hilarious.
327,you're right. that movie is hilarious.,i didn't think you saw that movie.
328,i didn't think you saw that movie.,i went to see it the day it came out.
329,i went to see it the day it came out.,i was laughing through the whole movie.
330,i was laughing through the whole movie.,"i couldn't help laughing, either. "
331,"i couldn't help laughing, either. ",same here.
332,same here.,i bought the movie. would you like to come to my house and watch it?
333,i bought the movie. would you like to come to my house and watch it?,of course.
334,"out of every movie that you've seen, which one is your favorite?",i'm going to have to say that superbad is the best movie ever.
335,i'm going to have to say that superbad is the best movie ever.,"you think so, how come?"
336,"you think so, how come?","well, superbad is super funny."
337,"well, superbad is super funny.","you're not lying, i found that movie absolutely hilarious."
338,"you're not lying, i found that movie absolutely hilarious.",i didn't know that you saw superbad before.
339,i didn't know that you saw superbad before.,i made sure to be in line to see it the first day it came out.
340,i made sure to be in line to see it the first day it came out.,i couldn't keep from laughing throughout the whole movie.
341,i couldn't keep from laughing throughout the whole movie.,i was laughing hysterically the whole time; my stomach muscles hurt afterwards.
342,i was laughing hysterically the whole time; my stomach muscles hurt afterwards.,that's exactly how i felt.
343,that's exactly how i felt.,"i got the movie when it came out on dvd, do you want to come over?"
344,what type of music do you like to listen to?,i like listening to different kinds of music.
345,i like listening to different kinds of music.,"like what, for instance?"
346,"like what, for instance?",i enjoy rock and r&b.
347,i enjoy rock and r&b.,why is that?
348,why is that?,i like the different instruments that they use.
349,i like the different instruments that they use.,that's a good reason to like something.
350,that's a good reason to like something.,"yeah, i think so too."
351,what kind of music do you enjoy listening to?,i enjoy listening to all kinds of music.
352,i enjoy listening to all kinds of music.,what kind?
353,what kind?,i like to listen to rock and r&b.
354,i like to listen to rock and r&b.,why do you like that type of music?
355,why do you like that type of music?,i like the kinds of instruments that they use.
356,i like the kinds of instruments that they use.,i think that's an excellent reason to like something.
357,i think that's an excellent reason to like something.,"thanks, i feel the same way."
358,what is your favorite kind of music?,i listen to various types of music.
359,i listen to various types of music.,what genres?
360,what genres?,i enjoy listening to both rock and r&b.
361,i enjoy listening to both rock and r&b.,what interests you in that type of music?
362,what interests you in that type of music?,i enjoy the different types of instruments that they use.
363,i enjoy the different types of instruments that they use.,that is a perfect reason to like a certain kind of music.
364,did you go to the basketball game on friday?,"no, i couldn't make it."
365,"no, i couldn't make it.",you missed a really good game.
366,you missed a really good game.,"oh, really? who won?"
367,"oh, really? who won?",our school did. they played really well.
368,our school did. they played really well.,too bad i was busy. i really wanted to go.
369,too bad i was busy. i really wanted to go.,"yeah, you should have. it was really exciting."
370,"yeah, you should have. it was really exciting.",so what was the score?
371,so what was the score?,the score was 101-98.
372,the score was 101-98.,"man, that was a really close game."
373,"man, that was a really close game.",that's what made it so great.
374,that's what made it so great.,i'll make sure and make it to the next one.
375,were you able to attend friday night's basketball game?,i was unable to make it.
376,i was unable to make it.,you should have been there. it was intense.
377,you should have been there. it was intense.,is that right. who ended up winning?
378,is that right. who ended up winning?,our team was victorious.
379,our team was victorious.,i wish i was free that night. i'm kind of mad that i didn't go.
380,i wish i was free that night. i'm kind of mad that i didn't go.,it was a great game.
381,it was a great game.,what was the score at the end of the game?
382,what was the score at the end of the game?,our team won 101-98.
383,our team won 101-98.,sounds like it was a close game.
384,sounds like it was a close game.,that's the reason it was such a great game.
385,that's the reason it was such a great game.,"the next game, i will definitely be there."
386,i was meaning to ask you if you saw the basketball game on friday.,"i wanted to go, but i couldn't."
387,"i wanted to go, but i couldn't.",it was a great game.
388,it was a great game.,it's too bad that i couldn't make it. who won?
389,it's too bad that i couldn't make it. who won?,our team played hard and won.
390,our team played hard and won.,i really wish i went to the game.
391,i really wish i went to the game.,it was the best game ever.
392,it was the best game ever.,so tell me the final score.
393,so tell me the final score.,"the other team lost by three points, 101-98. "
394,"the other team lost by three points, 101-98. ",it must've been a close game.
395,it must've been a close game.,it really was. you should've gone.
396,what are you doing this weekend?,i'm going to the movies with a friend. how about you?
397,i'm going to the movies with a friend. how about you?,i'm not sure yet.
398,i'm not sure yet.,"well, did you want to go see a movie with me?"
399,"well, did you want to go see a movie with me?",what movie are you going to see?
400,what movie are you going to see?,i'm not sure yet. is there something you want to see?
401,i'm not sure yet. is there something you want to see?,there's nothing i can think of.
402,there's nothing i can think of.,"so, did you want to go?"
403,"so, did you want to go?","no, thanks, maybe another time."
404,"no, thanks, maybe another time.","okay, sounds good."
405,do you know what you're going to do this weekend?,i am going to see a movie with a friend of mine. what about you?
406,i am going to see a movie with a friend of mine. what about you?,i don't know.
407,i don't know.,would you like to see a movie with me and my friend?
408,would you like to see a movie with me and my friend?,do you know what movie you're going to watch?
409,do you know what movie you're going to watch?,"i don't know, but was there a certain movie you wanted to see?"
410,"i don't know, but was there a certain movie you wanted to see?",none that i can think of.
411,none that i can think of.,"well, would you like to go?"
412,"well, would you like to go?","thank you for inviting me, but i think i'll pass."
413,"thank you for inviting me, but i think i'll pass.",all right. another time then.
414,you have any ideas as to what you want to do this weekend?,i'm going to the movie theater with my friend. what are you going to do?
415,i'm going to the movie theater with my friend. what are you going to do?,i'm not quite sure yet.
416,i'm not quite sure yet.,how about you see a movie with me and my friend?
417,how about you see a movie with me and my friend?,what movie are you and your friend planning on watching?
418,what movie are you and your friend planning on watching?,not sure. is there a movie out that catches your eye?
419,not sure. is there a movie out that catches your eye?,no good movies come to mind.
420,no good movies come to mind.,have you decided whether or not you would like to go?
421,have you decided whether or not you would like to go?,"no, thanks. maybe another time."
422,did you go to school today?,"yeah, i went to school today. were you there?"
423,"yeah, i went to school today. were you there?","no, i didn't go, i've been sick."
424,"no, i didn't go, i've been sick.",that sucks. did you want the assignments from english class?
425,that sucks. did you want the assignments from english class?,"that would be nice, thank you."
426,"that would be nice, thank you.","no problem, you're welcome."
427,"no problem, you're welcome.",i will be glad to do the same for you when you're sick.
428,i will be glad to do the same for you when you're sick.,"well, thank you. i hope to see you at school tomorrow."
429,have you attended school today?,i attended school today. did you?
430,i attended school today. did you?,i wasn't able to attend school because i was feeling ill.
431,i wasn't able to attend school because i was feeling ill.,i'm sorry to hear that. would you like the assignments from english class?
432,i'm sorry to hear that. would you like the assignments from english class?,"i would really appreciate that, thanks."
433,"i would really appreciate that, thanks.",it's no trouble at all.
434,it's no trouble at all.,"if you get sick, i'll return the favor."
435,"if you get sick, i'll return the favor.",thanks. see you at school tomorrow if you feel better.
436,have you gone to school today?,i went to school today. did you go to school?
437,i went to school today. did you go to school?,"i couldn't go to school today, i was sick."
438,"i couldn't go to school today, i was sick.",that's horrible. i'd be happy to give you the assignments from english class.
439,that's horrible. i'd be happy to give you the assignments from english class.,"thank you very much, that's kind of you."
440,"thank you very much, that's kind of you.",don't mention it.
441,don't mention it.,"when you miss a day of school, i'll be happy to give you the english assignments."
442,did you hear the news?,what happened?
443,what happened?,our cousin went into labor and had her baby last week.
444,our cousin went into labor and had her baby last week.,she did? why didn't anyone tell me?
445,she did? why didn't anyone tell me?,i would've thought that somebody would have told you.
446,i would've thought that somebody would have told you.,"no, i had no idea."
447,"no, i had no idea.","well, she did, her baby was 8 pounds 6 ounces."
448,"well, she did, her baby was 8 pounds 6 ounces.","oh my god, that's great!"
449,"oh my god, that's great!",are you going to go and visit her and the baby?
450,are you going to go and visit her and the baby?,i think that i might.
451,i think that i might.,good! i just thought i'd let you know.
452,good! i just thought i'd let you know.,thanks for telling me.
453,have you heard what happened?,heard what?
454,heard what?,debrah already had her baby.
455,debrah already had her baby.,i didn't know that.
456,i didn't know that.,i thought you knew.
457,i thought you knew.,i honestly didn't know.
458,i honestly didn't know.,the baby was 8 pounds 6 ounces.
459,the baby was 8 pounds 6 ounces.,that's good to hear.
460,that's good to hear.,will you go and visit them?
461,will you go and visit them?,of course i will.
462,of course i will.,i just wanted to give you the good news.
463,i just wanted to give you the good news.,thanks for letting me know.
464,have you heard the news?,i haven't heard anything.
465,i haven't heard anything.,debrah had her baby last week.
466,debrah had her baby last week.,nobody told me.
467,nobody told me.,i thought you heard.
468,i thought you heard.,i really wasn't told anything.
469,i really wasn't told anything.,she was a cute 8 pounds 6 ounces.
470,she was a cute 8 pounds 6 ounces.,"wow, how exciting."
471,"wow, how exciting.","i know, you should really go and see her and the baby."
472,"i know, you should really go and see her and the baby.",of course i will.
473,of course i will.,i just wanted to let you know what happened.
474,did you go to school today?,of course. did you?
475,of course. did you?,"i didn't want to, so i didn't."
476,"i didn't want to, so i didn't.","that's sad, but have you gone to the movies recently?"
477,"that's sad, but have you gone to the movies recently?",that's a switch.
478,that's a switch.,"i'm serious, have you?"
479,"i'm serious, have you?","no, i haven't. why?"
480,"no, i haven't. why?",i really want to go to the movies this weekend.
481,i really want to go to the movies this weekend.,so go then.
482,so go then.,i really don't want to go by myself.
483,i really don't want to go by myself.,"well anyway, do you plan on going to school tomorrow?"
484,"well anyway, do you plan on going to school tomorrow?","no, i think i'm going to go to the movies."
485,did you make it to school today?,i always do. did you go to school today?
486,i always do. did you go to school today?,"no, i didn't."
487,"no, i didn't.","you should have, but have you seen any movies lately?"
488,"you should have, but have you seen any movies lately?",that was an odd change of subject.
489,that was an odd change of subject.,"maybe it was, but answer the question."
490,"maybe it was, but answer the question.","no, not recently."
491,"no, not recently.",i want to go to see a movie this weekend.
492,i want to go to see a movie this weekend.,what's stopping you then?
493,what's stopping you then?,i don't want to go alone.
494,i don't want to go alone.,"so, will you be at school tomorrow?"
495,"so, will you be at school tomorrow?","no, i want to go to the movies instead."
496,did you even bother to go to school today?,"yeah, i went. did you go?"
497,"yeah, i went. did you go?","no, i didn't feel like it."
498,"no, i didn't feel like it.","that's nice, have you been to the movies lately?"
499,"that's nice, have you been to the movies lately?","no, but that was a random change of subject."
500,"no, but that was a random change of subject.","it may have been random, but have you?"
501,"it may have been random, but have you?",i haven't lately.
502,i haven't lately.,i would love to catch a movie this weekend.
503,i would love to catch a movie this weekend.,"so then, why don't you just go?"
504,"so then, why don't you just go?",i don't want to see a movie by myself.
505,i don't want to see a movie by myself.,"okay, so are you going to school tomorrow?"
506,thanks for coming to see me today.,it's no problem. i was really missing you anyway.
507,it's no problem. i was really missing you anyway.,i missed you too.
508,i missed you too.,why haven't you tried to come see me then?
509,why haven't you tried to come see me then?,i've been really busy.
510,i've been really busy.,doing what?
511,doing what?,working.
512,working.,"i would've come to see you sooner, but i've been busy too."
513,"i would've come to see you sooner, but i've been busy too.",what have you been doing?
514,what have you been doing?,i've been working too.
515,i've been working too.,"well regardless, i'm very happy that you came to see me."
516,"well regardless, i'm very happy that you came to see me.",i am too.
517,i'm really glad that you came to see me.,i had to. i was missing you a lot.
518,i had to. i was missing you a lot.,i was missing you too.
519,i was missing you too.,"so, why haven't you visited me?"
520,"so, why haven't you visited me?",i've actually been busy lately.
521,i've actually been busy lately.,what have you been doing?
522,what have you been doing?,i've just been working really hard.
523,i've just been working really hard.,i've also been busy.
524,i've also been busy.,tell me what you've been doing.
525,tell me what you've been doing.,"basically, i've been working too."
526,"basically, i've been working too.","well whatever, i'm glad you came."
527,"well whatever, i'm glad you came.",so am i.
528,i'm really happy that you came to visit me.,i really missed you a lot.
529,i really missed you a lot.,i've been missing you like crazy.
530,i've been missing you like crazy.,i don't understand why you haven't come to visit me.
531,i don't understand why you haven't come to visit me.,"lately, i've been quite busy."
532,"lately, i've been quite busy.",tell me what you've been up to.
533,tell me what you've been up to.,i've really been working a lot lately.
534,i've really been working a lot lately.,i've been pretty busy myself.
535,i've been pretty busy myself.,so what have you been up to?
536,so what have you been up to?,i've just been working a lot.
537,i've just been working a lot.,"whatever the reason may be, i'm glad you visited me."
538,"hey, did you hear about jessica's party this weekend?","yeah, but i'm still waiting for my invitation."
539,"yeah, but i'm still waiting for my invitation.",oh really? she gave me mine earlier today.
540,oh really? she gave me mine earlier today.,"well, she'll probably just give me my invitation later on today."
541,"well, she'll probably just give me my invitation later on today.","yeah, so are you planning on going?"
542,"yeah, so are you planning on going?",i think so. it sounds like it's going to be a lot of fun.
543,i think so. it sounds like it's going to be a lot of fun.,"it really does, i can't wait."
544,"it really does, i can't wait.",what time does the party start?
545,what time does the party start?,it starts at 8 o'clock.
546,it starts at 8 o'clock.,"oh, well, how many people has she given invites to so far?"
547,"oh, well, how many people has she given invites to so far?","i'm not sure, but i don't think she's given out that many."
548,"i'm not sure, but i don't think she's given out that many.","well, hopefully she'll give me my invite later on today."
549,have you heard about jessica's party on saturday?,"i've heard about it, but i'm still waiting for my invitation."
550,"i've heard about it, but i'm still waiting for my invitation.",really? i got mine from her this morning.
551,really? i got mine from her this morning.,i'm guessing that she's going to give me my invite today or tomorrow.
552,i'm guessing that she's going to give me my invite today or tomorrow.,"you're probably right, do you intend on going to the party?"
553,"you're probably right, do you intend on going to the party?",i want to. i heard it's going to be really fun.
554,i want to. i heard it's going to be really fun.,"i know, it does sound pretty awesome."
555,"i know, it does sound pretty awesome.","well, when does the party start?"
556,"well, when does the party start?",it's supposed to start at about eight.
557,it's supposed to start at about eight.,how many invitations has she given out?
558,how many invitations has she given out?,"i really don't know, but i don't think she gave out that many yet."
559,"i really don't know, but i don't think she gave out that many yet.","i really want to go, so i hope that she gives me my invite soon."
560,has anyone told you about jessica's party coming up?,i was told about it already. i'm just waiting for my invitation.
561,i was told about it already. i'm just waiting for my invitation.,is that right? i already got my invitation from her earlier.
562,is that right? i already got my invitation from her earlier.,i believe that she will give me the invitation today.
563,i believe that she will give me the invitation today.,are you even going to go?
564,are you even going to go?,"yeah, it sounds like it's going to be the best party of the year."
565,"yeah, it sounds like it's going to be the best party of the year.","exactly, it seems like it's going to be loads of fun."
566,"exactly, it seems like it's going to be loads of fun.",when exactly does the party start?
567,when exactly does the party start?,the invitation says it starts at 8:00 p.m.
568,the invitation says it starts at 8:00 p.m.,has she given out a lot of invitations yet?
569,has she given out a lot of invitations yet?,"i have no idea, she hasn't given out many though."
570,"hey, what's up?",nothing really.
571,nothing really.,i'm throwing a party on friday.
572,i'm throwing a party on friday.,i didn't realize that.
573,i didn't realize that.,you didn't?
574,you didn't?,nobody has told me anything about your party.
575,nobody has told me anything about your party.,did you want to go?
576,did you want to go?,when does it start?
577,when does it start?,at 8:00 p.m.
578,at 8:00 p.m.,i'll be there.
579,i'll be there.,i'd better see you there.
580,i'd better see you there.,of course.
581,what's going on with you?,fine. what's going on with you?
582,fine. what's going on with you?,i'm having a party this friday.
583,i'm having a party this friday.,i had no idea.
584,i had no idea.,is that right?
585,is that right?,i didn't hear anything about it.
586,i didn't hear anything about it.,can you go?
587,can you go?,what time?
588,what time?,it starts at 8 o'clock.
589,it starts at 8 o'clock.,i'll go.
590,i'll go.,i hope that i'll see you there.
591,i hope that i'll see you there.,no doubt.
592,what's going on?,not much.
593,not much.,"this friday, i'm throwing a party."
594,"this friday, i'm throwing a party.",oh really? i didn't know that.
595,oh really? i didn't know that.,are you serious?
596,are you serious?,i haven't heard anything about it.
597,i haven't heard anything about it.,can you make it?
598,can you make it?,what time does it start?
599,what time does it start?,the party starts at 8.
600,the party starts at 8.,"yeah, i think i'll go."
601,"yeah, i think i'll go.",am i going to see you there?
602,what's going on?,"nothing really, you?"
603,"nothing really, you?",i'm throwing a party next saturday.
604,i'm throwing a party next saturday.,is that right?
605,is that right?,"yeah, are you going to come?"
606,"yeah, are you going to come?","i'm sorry, i can't."
607,"i'm sorry, i can't.",why not?
608,why not?,i don't really want to.
609,i don't really want to.,"well, why don't you?"
610,"well, why don't you?",i hate going to parties.
611,i hate going to parties.,"well, that's okay."
612,"well, that's okay.","yeah, sorry."
613,what's up?,"nothing, how about you?"
614,"nothing, how about you?","next saturday, i'm going to have a party."
615,"next saturday, i'm going to have a party.","oh, really?"
616,"oh, really?",you are coming?
617,you are coming?,probably not.
618,probably not.,why is that?
619,why is that?,i don't feel like going.
620,i don't feel like going.,why not?
621,why not?,i really can't stand going to parties.
622,i really can't stand going to parties.,"i understand, i guess."
623,"i understand, i guess.",sorry about that.
624,what's happening?,"not a lot, what about you?"
625,"not a lot, what about you?",i'm having a party next saturday.
626,i'm having a party next saturday.,that's nice.
627,that's nice.,are you going to be there?
628,are you going to be there?,i don't think so.
629,i don't think so.,is there a reason why?
630,is there a reason why?,i just really don't want to go.
631,i just really don't want to go.,how come?
632,how come?,i don't really like parties.
633,i don't really like parties.,"i wish you would go, but that's okay."
634,what's up?,"nothing much, what's going on?"
635,"nothing much, what's going on?",i'm having a party this friday.
636,i'm having a party this friday.,"oh, really? that's nice."
637,"oh, really? that's nice.",i wanted to see if you wanted to come.
638,i wanted to see if you wanted to come.,"this friday? sorry, i already have plans."
639,"this friday? sorry, i already have plans.",doing what?
640,doing what?,i'm going to dinner with my family.
641,i'm going to dinner with my family.,"i really wanted you to come, but i understand."
642,"i really wanted you to come, but i understand.","yeah, maybe next time."
643,"yeah, maybe next time.",i'll hold you to that.
644,i'll hold you to that.,sounds like a plan.
645,"hey, what's good with you?",not a lot. what about you?
646,not a lot. what about you?,i'm throwing a party on friday.
647,i'm throwing a party on friday.,that sounds like fun.
648,that sounds like fun.,do you think you can come?
649,do you think you can come?,i'm sorry. i'm already doing something this friday.
650,i'm sorry. i'm already doing something this friday.,what are you going to be doing?
651,what are you going to be doing?,my family and i are going to dinner.
652,my family and i are going to dinner.,i was hoping you would come.
653,i was hoping you would come.,i'll definitely try to make it the next time.
654,i'll definitely try to make it the next time.,i'd better see you there.
655,i'd better see you there.,all right. i'll see you next time.
656,what's going on?,nothing really. how about you?
657,nothing really. how about you?,"a lot, like the party i'm having on friday."
658,"a lot, like the party i'm having on friday.","well, that's cool."
659,"well, that's cool.",will you be able to make it?
660,will you be able to make it?,i'm busy this friday. i'm sorry.
661,i'm busy this friday. i'm sorry.,what do you have to do?
662,what do you have to do?,i'm having dinner with my family
663,i'm having dinner with my family,maybe you can come next time.
664,maybe you can come next time.,i'll make sure and come to your next party.
665,i'll make sure and come to your next party.,i'll look for you at my next party.
666,it was nice talking to you.,why are you trying to rush me off the phone?
667,why are you trying to rush me off the phone?,i really have to go.
668,i really have to go.,why? i still wanted to talk to you.
669,why? i still wanted to talk to you.,i have things to do.
670,i have things to do.,like what?
671,like what?,don't be nosey.
672,don't be nosey.,i'm not. i just want to know.
673,i'm not. i just want to know.,"well, it's really none of your business."
674,"well, it's really none of your business.",that's harsh.
675,that's harsh.,"i'm sorry, but i have to go."
676,"i'm sorry, but i have to go.",fine.
677,i've enjoyed conversing with you.,is there a reason why you're trying to get off the phone so fast?
678,is there a reason why you're trying to get off the phone so fast?,i've got to go.
679,i've got to go.,i wasn't done talking to you.
680,i wasn't done talking to you.,"i have to do some things, and besides, it's not polite to be nosey."
681,"i have to do some things, and besides, it's not polite to be nosey.",i'm not being nosey. i'm just asking.
682,i'm not being nosey. i'm just asking.,i really don't think it's any of your business.
683,i really don't think it's any of your business.,that's not nice.
684,that's not nice.,"i apologize, but i'm getting off the phone now."
685,"i apologize, but i'm getting off the phone now.",okay.
686,i'll talk to you later.,what's the rush?
687,what's the rush?,i have to get off the phone now.
688,i have to get off the phone now.,i'm not ready to get off the phone with you.
689,i'm not ready to get off the phone with you.,there are other things i need to take care of.
690,there are other things i need to take care of.,what is it that you need to do? 
691,what is it that you need to do? ,please don't be nosey.
692,please don't be nosey.,"i'm not being nosey, it's just a question."
693,"i'm not being nosey, it's just a question.",you don't need to worry about that.
694,you don't need to worry about that.,that was mean to say.
695,that was mean to say.,"i am very sorry, but i must go."
696,"well, it was nice talking to you.",it was nice talking to you too.
697,it was nice talking to you too.,we should really hang out again.
698,we should really hang out again.,that would be fun.
699,that would be fun.,where do you want to go?
700,where do you want to go?,i think we should go out to eat.
701,i think we should go out to eat.,that sounds good.
702,that sounds good.,"all right, so i'll see you then."
703,"all right, so i'll see you then.",i'll call you later.
704,i'll call you later.,"okay, i'll talk to you later then."
705,"okay, i'll talk to you later then.",see you later.
706,see you later.,bye.
707,i enjoyed talking to you.,i enjoyed talking to you too.
708,i enjoyed talking to you too.,we should hang out some time.
709,we should hang out some time.,i think that would be nice.
710,i think that would be nice.,is there anything you would like to do next time?
711,is there anything you would like to do next time?,do you want to go out to eat?
712,do you want to go out to eat?,i'd like that.
713,i'd like that.,so i'll see you next time.
714,so i'll see you next time.,i'm going to call you soon. 
715,i'm going to call you soon. ,i'll talk to you later.
716,i'll talk to you later.,see you soon.
717,see you soon.,goodbye.
718,i had fun talking to you.,it was really nice talking to you also.
719,it was really nice talking to you also.,i think we should really do something sometime.
720,i think we should really do something sometime.,that should be loads of fun.
721,that should be loads of fun.,what do you want to do next time?
722,what do you want to do next time?,would you like to go to dinner or something?
723,would you like to go to dinner or something?,"yeah, let's do that."
724,"yeah, let's do that.","okay, until next time then."
725,"okay, until next time then.",i'll call you so we can set that up.
726,i'll call you so we can set that up.,talk to you then.
727,talk to you then.,"all right, see you."
728,where do you live?,i live in pasadena.
729,i live in pasadena.,where is pasadena?
730,where is pasadena?,it's in california.
731,it's in california.,is it in northern california?
732,is it in northern california?,no. it's in southern california.
733,no. it's in southern california.,is pasadena a big city?
734,is pasadena a big city?,it's pretty big.
735,it's pretty big.,"how big is ""pretty big""?"
736,"how big is ""pretty big""?","it has about 140,000 people."
737,"it has about 140,000 people.",how big is los angeles?
738,how big is los angeles?,it has about 3 million people.
739,do you have a car?,"yes, i do."
740,"yes, i do.",what kind of car do you have?
741,what kind of car do you have?,i have a honda.
742,i have a honda.,is it new?
743,is it new?,it was new in 2003.
744,it was new in 2003.,"so, it's pretty old now."
745,"so, it's pretty old now.","yes, it is. but it still looks good."
746,"yes, it is. but it still looks good.",do you take good care of it?
747,do you take good care of it?,"oh, yes. i wash it once a week."
748,"oh, yes. i wash it once a week.",do you change the oil?
749,do you change the oil?,my mechanic changes the oil twice a year.
750,do you have a girlfriend?,"no, i don't. do you?"
751,"no, i don't. do you?","i don't have a girlfriend, either."
752,"i don't have a girlfriend, either.",why not?
753,why not?,i don't know. maybe i'm not rich enough.
754,i don't know. maybe i'm not rich enough.,girls like guys with money.
755,girls like guys with money.,they sure do.
756,they sure do.,they like guys with new cars.
757,they like guys with new cars.,i don't have money or a new car.
758,i don't have money or a new car.,"me, neither."
759,"me, neither.",but girls like guys who are funny.
760,but girls like guys who are funny.,maybe we should learn some good jokes.
761,where are you going?,i have to walk the dog.
762,i have to walk the dog.,what kind of dog do you have?
763,what kind of dog do you have?,i have a little poodle.
764,i have a little poodle.,poodles bark a lot.
765,poodles bark a lot.,they sure do.
766,they sure do.,they bark at everything.
767,they bark at everything.,they never shut up.
768,they never shut up.,why did you get a poodle?
769,why did you get a poodle?,it's my mom's dog.
770,it's my mom's dog.,so she likes poodles.
771,so she likes poodles.,she says they're good watchdogs.
772,can i borrow $5?,sure. why do you need it?
773,sure. why do you need it?,i want to buy lunch.
774,i want to buy lunch.,where's your money?
775,where's your money?,it's not in my wallet.
776,it's not in my wallet.,your wallet is empty?
777,your wallet is empty?,i don't have even one dollar in it.
778,i don't have even one dollar in it.,being broke is no fun.
779,being broke is no fun.,even if it's only for a short while.
780,even if it's only for a short while.,it's always good to have friends.
781,it's always good to have friends.,friends will lend you money when you're broke.
782,friends will lend you money when you're broke.,as long as you pay them back.
783,let's go to the beach.,that's a great idea.
784,that's a great idea.,we haven't been in a while.
785,we haven't been in a while.,we haven't been in a month.
786,we haven't been in a month.,"the last time we went, you almost drowned."
787,"the last time we went, you almost drowned.","no, i didn't."
788,"no, i didn't.",then why did the lifeguard dive into the water?
789,then why did the lifeguard dive into the water?,i think he wanted to cool off.
790,i think he wanted to cool off.,he swam right up to you.
791,he swam right up to you.,and then he turned right around.
792,and then he turned right around.,maybe you're right.
793,maybe you're right.,maybe we should get going.
794,are you married?,no. i'm divorced.
795,no. i'm divorced.,when did you get divorced?
796,when did you get divorced?,i got divorced two years ago.
797,i got divorced two years ago.,why did you get divorced?
798,why did you get divorced?,my wife left me.
799,my wife left me.,why did she leave you?
800,why did she leave you?,she said she didn't love me anymore.
801,she said she didn't love me anymore.,wow! that's terrible.
802,wow! that's terrible.,"yes, it was."
803,"yes, it was.",why didn't she love you anymore?
804,why didn't she love you anymore?,she fell in love with my best friend.
805,i'm bored.,what's on tv?
806,what's on tv?,nothing.
807,nothing.,there must be something on tv!
808,there must be something on tv!,nothing that's interesting.
809,nothing that's interesting.,what about that new game show?
810,what about that new game show?,which one?
811,which one?,"""deal or no deal"""
812,"""deal or no deal""",tell me you're joking.
813,tell me you're joking.,i love that show.
814,i love that show.,i watched it once. that was enough.
815,i watched it once. that was enough.,it's on right now. let's watch it together.
816,i like living here.,i agree. pasadena is a nice city.
817,i agree. pasadena is a nice city.,it's not too big.
818,it's not too big.,and it's not too small.
819,and it's not too small.,it has great weather all year long.
820,it has great weather all year long.,it has the rose parade.
821,it has the rose parade.,it has beautiful houses.
822,it has beautiful houses.,it has wonderful restaurants.
823,it has wonderful restaurants.,it has great schools.
824,it has great schools.,it's close to the mountains.
825,it's close to the mountains.,the people are friendly.
826,the people are friendly.,i'm not ever going to leave.
827,we need a new mattress.,what's the matter with this one?
828,what's the matter with this one?,it's not comfortable.
829,it's not comfortable.,it seems fine to me.
830,it seems fine to me.,i toss and turn all night.
831,i toss and turn all night.,you should stop drinking coffee.
832,you should stop drinking coffee.,look at these marks on my arms.
833,look at these marks on my arms.,what are they?
834,what are they?,they are bites.
835,they are bites.,did the cat bite you?
836,did the cat bite you?,no. the bedbugs in that mattress bit me.
837,no. the bedbugs in that mattress bit me.,okay. let's get a new mattress.
838,my laptop is so slow.,buy a new one.
839,buy a new one.,i would if i had the money.
840,i would if i had the money.,why is it so slow?
841,why is it so slow?,that's a good question.
842,that's a good question.,did you take it to a computer shop?
843,did you take it to a computer shop?,i would if i had the money.
844,i would if i had the money.,"well, i guess you have to live with it."
845,"well, i guess you have to live with it.",sometimes i want to throw it out the window.
846,sometimes i want to throw it out the window.,you don't want to do that.
847,you don't want to do that.,why not?
848,why not?,you might hit someone in the head.
849,what's for dinner?,i'm not sure.
850,i'm not sure.,how about a pizza?
851,how about a pizza?,you had pizza for lunch.
852,you had pizza for lunch.,but i love pizza.
853,but i love pizza.,everybody loves pizza.
854,everybody loves pizza.,so why can't i have pizza for dinner?
855,so why can't i have pizza for dinner?,because you need variety.
856,because you need variety.,"what's ""variety?"
857,"what's ""variety?",different thingsnot the same thing all the time.
858,different thingsnot the same thing all the time.,"you mean, like a pepperoni pizza instead of a cheese pizza?"
859,"you mean, like a pepperoni pizza instead of a cheese pizza?","no, i mean a salad instead of a pizza."
860,we need to save money.,why do we need to save money?
861,why do we need to save money?,because we need to buy a house.
862,because we need to buy a house.,but a house is so expensive.
863,but a house is so expensive.,that's why we need to save money.
864,that's why we need to save money.,how much do we need to save?
865,how much do we need to save?,we need to save enough for a down payment.
866,we need to save enough for a down payment.,how much is that?
867,how much is that?,"that's about $30,000."
868,"that's about $30,000.",thirty thousand dollars! that will take forever.
869,thirty thousand dollars! that will take forever.,not if we save every penny.
870,not if we save every penny.,okay. here's seven pennies.
871,the ocean is so big.,you can't see the end of it.
872,you can't see the end of it.,it goes on and on forever.
873,it goes on and on forever.,"and it's deep, too."
874,"and it's deep, too.",i think it's five miles deep.
875,i think it's five miles deep.,are there fish at the bottom?
876,are there fish at the bottom?,there are fish at the top and the bottom.
877,there are fish at the top and the bottom.,are there more fish or more people?
878,are there more fish or more people?,i think there are more fish.
879,i think there are more fish.,i hope so. i love to eat fish.
880,i'm upset with my mom.,why is that?
881,why is that?,i warned her about her new boyfriend. she didn't listen to me.
882,i warned her about her new boyfriend. she didn't listen to me.,what happened?
883,what happened?,"i gave her $1,000 for her birthday. i told her to spend it on herself."
884,"i gave her $1,000 for her birthday. i told her to spend it on herself.",that was very nice of you.
885,that was very nice of you.,i found out that she gave it to her new boyfriend.
886,i found out that she gave it to her new boyfriend.,why did she do that?
887,why did she do that?,he said he would buy her a nice ring.
888,he said he would buy her a nice ring.,what's wrong with that?
889,what's wrong with that?,he went to las vegas. he lost it all gambling.
890,he went to las vegas. he lost it all gambling.,i hope your mom broke up with him.
891,do animals talk to each other?,of course they talk to each other.
892,of course they talk to each other.,what do they talk about?
893,what do they talk about?,they talk about other animals.
894,they talk about other animals.,what else do they talk about?
895,what else do they talk about?,they talk about food and the weather.
896,they talk about food and the weather.,do they talk about us?
897,do they talk about us?,of course they talk about us.
898,of course they talk about us.,what do they say about us?
899,what do they say about us?,they say that we are funny-looking.
900,they say that we are funny-looking.,ha! we're not funny-looking; animals are funny-looking.
901,ha! we're not funny-looking; animals are funny-looking.,we're funny-looking because we wear clothes.
902,i have to clean the house.,"yes, it's very dirty."
903,"yes, it's very dirty.",you can help me.
904,you can help me.,why me?
905,why me?,because you helped make it dirty.
906,because you helped make it dirty.,what do you want me to do?
907,what do you want me to do?,i want you to clean the bathroom.
908,i want you to clean the bathroom.,"oh, that's easy."
909,"oh, that's easy.","clean the sink, the tub, the counter, and the toilet."
910,"clean the sink, the tub, the counter, and the toilet.",that's a lot of work.
911,that's a lot of work.,tell me when you finish.
912,tell me when you finish.,i don't think so. you'll just give me more work.
913,you're watching too much tv.,what do you mean?
914,what do you mean?,i mean you're wasting your life.
915,i mean you're wasting your life.,i'm having fun.
916,i'm having fun.,you're sitting there with your mouth open.
917,you're sitting there with your mouth open.,who cares?
918,who cares?,i care. do something.
919,i care. do something.,okay. i did something.
920,okay. i did something.,what did you do?
921,what did you do?,i turned up the volume.
922,i turned up the volume.,"that's not what i meant by ""do something."""
923,"that's not what i meant by ""do something.""",will you do something? leave me alone.
924,did you write a letter to grandma?,"yes, i did."
925,"yes, i did.",did you tell her about school?
926,did you tell her about school?,i told her that school is fun.
927,i told her that school is fun.,did you put the letter in an envelope?
928,did you put the letter in an envelope?,"yes, and i sealed the envelope."
929,"yes, and i sealed the envelope.",did you put a stamp on the envelope?
930,did you put a stamp on the envelope?,i couldn't find any stamps.
931,i couldn't find any stamps.,they're in the kitchen drawer.
932,they're in the kitchen drawer.,okay. i just put a stamp on the envelope.
933,okay. i just put a stamp on the envelope.,"give me the envelope, and i'll mail it for you."
934,"give me the envelope, and i'll mail it for you.",when is grandma going to learn about e-mail?
935,why are you yawning?,i'm sleepy.
936,i'm sleepy.,why don't you go to bed?
937,why don't you go to bed?,i want to watch this tv show.
938,i want to watch this tv show.,maybe you should record it.
939,maybe you should record it.,the tape recorder is broken.
940,the tape recorder is broken.,then you should watch the rerun.
941,then you should watch the rerun.,why? i'm watching the original.
942,why? i'm watching the original.,but you'll be asleep in about one minute.
943,but you'll be asleep in about one minute.,i'm just yawning because the commercials are on.
944,i'm just yawning because the commercials are on.,okay. i'll tell you how the show ends.
945,okay. i'll tell you how the show ends.,zzz.
946,it's sunday.,so?
947,so?,you know what that means.
948,you know what that means.,i forgot.
949,i forgot.,sunday means we go to church.
950,sunday means we go to church.,"oh, yeah."
951,"oh, yeah.",put on a coat and tie.
952,put on a coat and tie.,why?
953,why?,to show respect to god and others.
954,to show respect to god and others.,i'm glad sunday is only once a week.
955,i'm glad sunday is only once a week.,i hope god didn't hear that.
956,i hope god didn't hear that.,he'll forgive me.
957,did you feed the cat?,i'll do that in a minute.
958,i'll do that in a minute.,the cat is meowing. he's hungry.
959,the cat is meowing. he's hungry.,okay. i'll feed him right now.
960,okay. i'll feed him right now.,you shouldn't make him wait.
961,you shouldn't make him wait.,i was doing my homework.
962,i was doing my homework.,the cat doesn't care about your homework.
963,the cat doesn't care about your homework.,the cat doesn't care about anything.
964,the cat doesn't care about anything.,that's the way cats are.
965,that's the way cats are.,all they think about is themselves.
966,all they think about is themselves.,maybe we should get rid of him.
967,maybe we should get rid of him.,of course not! he's family.
968,i hate shaving.,me too.
969,me too.,i just cut myself again.
970,i just cut myself again.,did you use a new blade?
971,did you use a new blade?,"it doesn't matter. old blades cut, new blades cut."
972,"it doesn't matter. old blades cut, new blades cut.",maybe you should use an electric shaver.
973,maybe you should use an electric shaver.,"they make a lot of noise, but they don't give a close shave."
974,"they make a lot of noise, but they don't give a close shave.",maybe you should stop shaving.
975,maybe you should stop shaving.,and grow a beard?
976,and grow a beard?,sure. why not?
977,sure. why not?,because food and other stuff sticks in my beard.
978,because food and other stuff sticks in my beard.,hmm. here's an idea. put cream on your face and have the cat lick it off.
979,excuse me.,yes?
980,yes?,are you reading this paper?
981,are you reading this paper?,"oh, no. help yourself."
982,"oh, no. help yourself.",i asked because the paper is sitting next to you.
983,i asked because the paper is sitting next to you.,thank you. that's polite of you to ask.
984,thank you. that's polite of you to ask.,some people would just pick it up.
985,some people would just pick it up.,"yes, i know. some people are rude."
986,"yes, i know. some people are rude.",i always try to be polite.
987,i always try to be polite.,so do i.
988,so do i.,the world needs more polite people like us.
989,the world needs more polite people like us.,i agree 100 percent.
990,"mom, i want a puppy.",let me think about it.
991,let me think about it.,why do you have to think about it?
992,why do you have to think about it?,because a puppy costs money.
993,because a puppy costs money.,"no, it doesn't. puppies are free."
994,"no, it doesn't. puppies are free.","yes, but a puppy needs shots."
995,"yes, but a puppy needs shots.",shots for what?
996,shots for what?,so it won't get sick. just like you get shots.
997,so it won't get sick. just like you get shots.,i hate shots.
998,i hate shots.,and a puppy eats food. food costs money.
999,and a puppy eats food. food costs money.,no problem. i'll give him food off my plate.
1000,no problem. i'll give him food off my plate.,"oh, no you don't. puppies don't eat vegetables."
1001,look at all these kittens!,how many are there?
1002,how many are there?,eight.
1003,eight.,they're all so cute.
1004,they're all so cute.,"yes, but i can't keep them."
1005,"yes, but i can't keep them.",what are you going to do with them?
1006,what are you going to do with them?,i'm going to give them away. do you want one?
1007,i'm going to give them away. do you want one?,"yes, i would love one."
1008,"yes, i would love one.",which one do you want?
1009,which one do you want?,that one. the one that's all black.
1010,that one. the one that's all black.,"yes, i like that one, too."
1011,"yes, i like that one, too.",i'll call him blacky.
1012,my parents go to church every sunday.,they trust in god.
1013,they trust in god.,they hope they will go to heaven.
1014,they hope they will go to heaven.,they probably will.
1015,they probably will.,but no one knows for sure.
1016,but no one knows for sure.,that's for sure.
1017,that's for sure.,no one knows what happens after we die.
1018,no one knows what happens after we die.,"if we are good, we will be happy in heaven with god."
1019,"if we are good, we will be happy in heaven with god.",that's what many people believe.
1020,that's what many people believe.,"if we are bad, we will be unhappy forever in hell."
1021,"if we are bad, we will be unhappy forever in hell.",i don't want to go to hell.
1022,i don't want to go to hell.,let's go to church with your parents on sunday.
1023,my husband died.,i'm sorry for you.
1024,i'm sorry for you.,thank you.
1025,thank you.,when did he die?
1026,when did he die?,a couple of months ago.
1027,a couple of months ago.,you still miss him.
1028,you still miss him.,"yes, but i talk to him almost every day."
1029,"yes, but i talk to him almost every day.",when you go to church?
1030,when you go to church?,"no, when i call him on his cell phone."
1031,"no, when i call him on his cell phone.",what do you mean?
1032,what do you mean?,i buried him with his cell phone.